,Backing Unsafely,Brake Lights (Defect.or Improper),"Bus Lane, Driving in",Cell Phone,Commercial Veh on Pkwy,Defective Brakes,Disobey Steady Red Signal,Disobey Traffic Control Device,Equipment (Other),Fail to Keep Right,Fail to Signal,Following Too Closely,Headlights (Defect. or Improper),ID,Improper Lights,Improper Passing,Improper Turn,Improper/Missing Plates,Not Giving R of W to Pedes.,Not Giving R of W to Veh.,One Way Street,Other Movers,Pavement Markings,Precinct,Safety Belt,"School Bus, Passing Stopped",Speeding,Spillback,Tinted Windows,Truck Routes,U-Turn,Uninspected,Uninsured,Unlicensed Operator,Unregistered,Year,P12,P123,Total
0012013,6,536,92,2411,2,0,658,1810,226,3,129,3,638,0012013,13,25,530,43,226,8,185,293,299,001,1397,3,73,48,542,25,10,40,496,350,103,2013,439.0,3816.0,11223.0
0052013,12,326,11,617,0,1,533,1869,87,10,70,4,491,0052013,0,35,1979,16,166,77,60,636,358,005,620,4,91,220,169,1,39,9,171,266,81,2013,408.0,5493.0,9029.0
0062013,20,126,0,1789,2,0,582,1516,2,1,147,2,282,0062013,3,34,926,12,137,10,105,437,829,006,1417,3,43,7,201,27,42,5,247,369,33,2013,340.0,3904.0,9356.0
0072013,4,0,0,1395,1,1,436,1754,0,1,59,1,0,0072013,178,3,875,0,232,11,0,694,0,007,830,9,40,180,307,83,0,42,187,249,55,2013,351.0,4198.0,7627.0
0092013,11,85,17,2403,0,5,1181,1323,100,1,43,5,77,0092013,0,11,518,45,244,12,41,396,313,009,1110,8,23,10,156,4,5,60,259,416,51,2013,330.0,3813.0,8933.0
0102013,17,305,0,1747,0,1,378,489,0,15,72,3,366,0102013,86,49,616,5,122,9,224,707,57,010,2540,10,48,106,338,81,13,106,283,483,210,2013,261.0,2567.0,9486.0
0132013,17,124,21,840,4,2,635,2806,6,2,89,1,46,0132013,0,31,1350,9,269,21,110,390,182,013,324,8,67,624,88,34,12,15,396,264,93,2013,454.0,5711.0,8880.0
0142013,18,401,26,3147,0,15,311,2664,0,1,280,4,1139,0142013,10,7,2275,14,1041,14,47,1321,27,014,2715,0,7,917,762,311,235,69,1372,487,156,2013,1342.0,8491.0,19793.0
0172013,16,936,6,761,7,0,311,1786,19,5,1102,4,619,0172013,0,124,1869,0,150,3,15,1191,814,017,750,0,43,148,71,43,5,12,434,191,62,2013,1298.0,6526.0,11497.0
0182013,11,234,32,2136,0,3,733,1125,11,3,198,4,160,0182013,6,4,3564,51,146,5,100,421,140,018,1968,11,42,160,148,7,41,48,725,395,218,2013,402.0,6355.0,12850.0
0192013,6,1418,41,1837,1,5,577,3372,11,2,455,2,719,0192013,0,30,3422,15,617,6,323,614,472,019,752,3,29,40,475,72,17,167,1121,510,300,2013,1110.0,9206.0,17431.0
0202013,8,327,0,2982,0,3,627,1966,221,3,240,1,374,0202013,0,1,421,8,173,5,270,326,21,020,1320,28,14,1,293,347,54,23,371,270,48,2013,460.0,4217.0,10746.0
0222013,1,83,21,398,1,0,220,640,56,2,109,2,123,0222013,0,12,879,2,122,4,13,185,369,022,133,4,100,0,219,6,0,89,230,133,56,2013,339.0,2273.0,4212.0
0232013,6,941,4,2231,17,3,361,109,105,1,80,3,668,0232013,2,47,154,18,293,3,84,170,7,023,1450,8,61,1,538,37,11,9,164,179,36,2013,445.0,1328.0,7801.0
0242013,8,148,0,2172,0,2,224,1454,8,0,86,2,206,0242013,0,0,293,2,260,5,64,470,1,024,894,22,58,9,112,49,3,33,200,248,81,2013,431.0,2934.0,7114.0
0252013,5,270,1,1683,6,14,37,168,56,0,52,1,198,0252013,0,0,999,45,196,1,54,373,254,025,1862,47,33,5,93,269,3,40,127,283,56,2013,329.0,2234.0,7231.0
0262013,3,369,0,1510,1,13,261,549,66,13,71,1,256,0262013,1,21,564,18,364,29,6,324,437,026,441,7,609,122,235,7,50,29,255,242,68,2013,1080.0,2857.0,6942.0
0282013,17,118,0,1582,0,12,718,870,114,2,66,5,102,0282013,0,14,386,3,241,10,14,436,9,028,1391,2,528,11,251,80,529,49,262,177,55,2013,847.0,3886.0,8054.0
0302013,15,246,1,1779,0,11,575,834,43,1,132,2,158,0302013,1,9,685,21,381,11,19,155,139,030,1217,5,436,2,274,305,80,9,125,395,43,2013,965.0,3635.0,8109.0
0322013,56,339,0,1044,0,26,290,776,109,4,844,7,521,0322013,9,12,357,41,157,24,19,481,1048,032,904,12,194,3,814,68,230,62,1019,433,165,2013,1231.0,3530.0,10068.0
0332013,13,341,1,1459,21,5,294,416,57,8,111,2,246,0332013,3,3,139,36,282,5,40,463,21,033,1058,18,436,5,403,190,191,18,319,218,109,2013,852.0,2615.0,6931.0
0342013,1,224,0,750,0,1,57,1067,134,7,30,0,230,0342013,3,8,474,16,154,2,5,206,134,034,571,14,58,0,242,22,12,19,97,280,62,2013,258.0,2113.0,4880.0
0402013,47,222,0,1163,0,0,431,1079,48,18,201,21,405,0402013,14,33,1236,25,126,163,34,515,165,040,861,16,685,172,2488,68,145,37,1198,953,163,2013,1191.0,4737.0,12732.0
0412013,12,292,0,290,0,0,321,1564,45,2,66,1,322,0412013,14,15,624,43,35,8,28,121,104,041,514,8,704,14,608,61,151,87,814,477,159,2013,821.0,3718.0,7504.0
0422013,19,131,2,871,0,7,695,995,7,1,74,11,194,0422013,46,4,1394,5,162,28,5,98,158,042,477,166,234,1,977,29,28,54,286,480,73,2013,664.0,3927.0,7712.0
0432013,46,350,1,481,9,6,372,793,118,2,483,4,324,0432013,2,15,832,6,139,10,9,531,259,043,785,39,250,13,1408,19,133,26,250,583,107,2013,921.0,3662.0,8405.0
0442013,21,423,0,804,0,1,283,2434,110,8,59,4,219,0442013,4,2,90,67,27,17,14,198,118,044,1606,36,197,27,790,52,41,63,303,717,191,2013,336.0,3522.0,8926.0
0452013,5,187,0,589,6,0,95,692,1,1,27,1,195,0452013,4,3,16,23,25,12,24,157,195,045,533,6,234,0,655,26,11,67,459,384,80,2013,304.0,1335.0,4713.0
0462013,57,655,50,765,0,10,498,1452,333,4,228,5,459,0462013,8,16,210,68,103,25,32,1359,158,046,437,40,207,18,2660,26,275,21,1427,668,205,2013,603.0,4548.0,12479.0
0472013,8,276,0,531,1,0,124,536,0,3,15,5,423,0472013,0,6,523,0,123,5,4,906,135,047,1235,25,190,0,597,16,0,100,1114,584,288,2013,358.0,2472.0,7773.0
0482013,31,162,26,1022,0,0,402,420,19,5,158,7,137,0482013,6,14,1197,3,24,8,15,201,196,048,688,18,1757,14,1873,37,71,16,242,695,125,2013,1965.0,4327.0,9589.0
0492013,5,246,0,502,4,10,69,1016,9,1,303,15,139,0492013,6,5,182,11,14,14,5,103,175,049,803,5,161,5,594,12,28,15,241,514,66,2013,497.0,1927.0,5278.0
0502013,6,63,0,1260,1,7,111,1835,19,3,34,3,82,0502013,3,0,231,6,35,2,37,305,17,050,1232,19,165,7,768,0,12,17,264,236,48,2013,255.0,2762.0,6828.0
0522013,44,797,22,697,0,11,351,680,47,7,170,3,830,0522013,42,22,1202,77,15,22,16,347,447,052,633,4,223,4,2514,20,114,162,623,1181,382,2013,434.0,3269.0,11709.0
0602013,4,56,0,1330,22,0,238,1470,6,0,136,0,69,0602013,0,8,247,21,91,9,32,295,99,060,865,11,234,0,1096,12,101,13,297,398,57,2013,481.0,2891.0,7217.0
0612013,15,23,0,2091,0,0,161,209,34,9,60,1,36,0612013,0,18,134,16,308,8,5,155,42,061,2848,8,206,2,985,119,29,38,477,503,92,2013,590.0,1428.0,8632.0
0622013,17,401,0,1084,0,2,780,1268,29,1,255,9,264,0622013,33,88,617,80,208,39,217,567,83,062,1438,4,177,6,1008,70,57,9,808,706,178,2013,683.0,4139.0,10503.0
0632013,7,56,0,1206,0,1,237,1483,0,3,25,4,220,0632013,0,40,189,1,61,8,5,613,52,063,682,17,67,8,618,22,9,3,293,311,33,2013,178.0,2739.0,6274.0
0662013,5,98,0,1437,4,0,244,1198,5,0,399,3,36,0662013,1,2,70,14,263,7,6,402,24,066,2167,49,188,1,564,257,15,57,582,500,119,2013,906.0,3115.0,8717.0
0672013,21,528,68,1590,0,0,1189,276,7,6,205,5,281,0672013,4,77,91,34,161,43,44,1014,230,067,1248,38,192,18,3083,41,311,147,2533,1066,315,2013,639.0,3616.0,14866.0
0682013,9,274,0,1623,32,2,485,978,45,5,142,4,195,0682013,0,3,484,27,362,17,5,510,60,068,1594,9,356,20,495,276,42,7,588,592,100,2013,886.0,3729.0,9341.0
0692013,29,397,0,2382,1,19,321,1273,60,7,178,7,264,0692013,15,244,751,52,102,46,3,392,647,069,2109,8,328,6,1687,50,11,29,907,706,160,2013,662.0,3542.0,13191.0
0702013,35,0,0,2479,0,0,689,1242,82,0,1,9,0,0702013,631,114,1589,1,247,100,10,414,0,070,2579,25,223,221,1360,40,0,27,1221,786,139,2013,596.0,4606.0,14264.0
0712013,68,368,44,2015,7,6,867,3647,72,13,203,2,212,0712013,11,60,589,71,268,215,303,603,656,071,1191,13,161,55,1978,61,25,236,1024,948,292,2013,860.0,6798.0,16284.0
0722013,27,38,0,878,0,2,579,896,23,0,108,20,89,0722013,6,25,393,115,178,50,35,429,719,072,914,23,204,6,600,67,214,7,532,642,186,2013,563.0,3283.0,8005.0
0732013,57,663,0,2857,0,0,925,1691,32,1,648,4,600,0732013,0,112,654,187,240,111,19,1075,414,073,1489,22,257,61,3460,24,0,224,1409,1212,388,2013,1278.0,5891.0,18836.0
0752013,51,448,0,1528,0,3,646,933,186,5,577,10,546,0752013,124,87,497,35,79,29,19,3401,559,075,3074,21,152,27,3307,39,23,283,1910,1622,534,2013,858.0,6483.0,20755.0
0762013,13,61,0,1835,2,0,203,181,11,0,170,1,83,0762013,1,15,734,25,137,0,70,234,1190,076,1142,2,109,0,800,16,2,23,203,202,42,2013,418.0,1828.0,7507.0
0772013,43,767,0,1211,0,0,439,826,30,0,58,13,1595,0772013,4,33,268,34,53,43,30,364,83,077,767,17,769,97,764,51,90,32,711,590,188,2013,940.0,3055.0,9970.0
0782013,23,110,0,1604,0,5,1012,560,4,0,301,3,193,0782013,3,42,170,7,96,7,5,214,86,078,1041,4,144,127,663,56,121,8,303,356,45,2013,552.0,2715.0,7313.0
0792013,41,866,0,1318,0,1,642,2475,1,0,2,9,1484,0792013,0,113,333,53,36,7,32,304,218,079,895,56,300,50,680,70,60,88,617,670,227,2013,401.0,4379.0,11648.0
0812013,42,1137,0,2049,0,28,428,1048,70,6,500,5,1302,0812013,81,21,39,9,40,24,36,288,117,081,1706,8,255,16,951,9,13,32,785,672,163,2013,827.0,2703.0,11880.0
0832013,51,333,0,1378,5,19,761,2821,42,14,618,8,257,0832013,46,32,65,35,67,28,72,228,116,083,781,10,25,1,288,116,30,48,1095,1549,231,2013,748.0,4860.0,11170.0
0842013,11,308,0,1045,0,0,297,1776,0,2,188,3,473,0842013,0,390,1866,0,101,9,82,457,1514,084,1133,3,77,11,732,106,29,106,779,701,206,2013,378.0,4920.0,12405.0
0882013,11,234,0,2312,0,0,413,1444,11,0,37,0,150,0882013,1,4,108,44,6,9,25,587,269,088,1444,5,94,1,128,19,0,54,781,418,156,2013,151.0,2777.0,8765.0
0902013,20,384,0,1875,0,3,723,790,17,3,256,15,929,0902013,656,30,947,38,35,12,597,836,60,090,1860,6,311,12,646,53,57,38,874,646,121,2013,620.0,4084.0,12850.0
0942013,24,88,0,851,3,3,490,1756,72,4,83,3,180,0942013,0,42,514,52,16,31,84,376,115,094,827,2,765,22,584,137,37,46,357,394,87,2013,897.0,4286.0,8045.0
1002013,6,216,0,785,0,0,293,697,1,1,0,7,27,1002013,5,95,305,1,35,1,1,263,133,100,849,8,170,0,291,8,0,31,504,566,55,2013,214.0,1787.0,5354.0
1012013,15,737,0,921,0,1,415,1193,91,1,96,7,544,1012013,7,51,101,51,100,17,12,292,89,101,898,9,226,3,965,15,2,106,1129,1169,99,2013,448.0,2532.0,9362.0
1022013,19,596,0,1087,1,8,337,1559,14,1,81,6,266,1022013,18,11,222,38,227,26,13,559,175,102,1544,6,185,6,988,50,17,26,797,620,83,2013,525.0,3327.0,9586.0
1032013,44,81,0,1861,0,2,252,3989,8,1,242,3,82,1032013,13,26,820,74,297,20,63,1199,415,103,2685,13,86,40,4513,138,453,68,275,1089,98,2013,658.0,7627.0,18950.0
1042013,11,53,0,1098,0,0,380,802,20,1,69,3,29,1042013,3,18,60,92,210,7,11,1515,97,104,1717,22,147,18,1165,405,9,36,634,982,139,2013,455.0,3729.0,9753.0
1052013,2,586,0,1502,7,3,171,1106,16,7,174,12,498,1052013,13,16,228,53,103,4,11,434,716,105,2899,10,288,2,2819,125,17,393,2261,964,242,2013,579.0,2722.0,15682.0
1062013,8,0,0,736,1,0,1011,856,0,4,1,5,2,1062013,531,41,1635,0,170,44,5,353,157,106,1539,13,169,12,1264,146,1,104,1326,812,148,2013,397.0,4408.0,11094.0
1072013,5,804,0,1130,0,0,117,1787,6,0,8,2,452,1072013,41,39,2090,0,147,141,10,237,329,107,2397,5,329,6,600,33,23,62,368,857,52,2013,630.0,4922.0,12077.0
1082013,5,359,0,1445,0,10,570,2439,2,1,102,3,46,1082013,0,9,1549,13,303,13,20,1215,244,108,1618,12,454,36,587,269,4,37,760,864,94,2013,884.0,6948.0,13083.0
1092013,5,33,1,3639,0,0,1026,7272,116,4,172,5,33,1092013,13,22,314,71,464,118,51,941,139,109,3546,70,784,67,1663,201,99,117,542,1435,189,2013,1608.0,11537.0,23152.0
1102013,10,36,0,2143,0,2,467,1188,7,0,99,5,41,1102013,7,14,29,26,442,8,217,386,139,110,3256,28,2991,5,593,138,12,41,685,1678,132,2013,3568.0,5824.0,14825.0
1112013,3,9,0,3077,1,0,185,432,2,0,55,5,12,1112013,21,1,17,9,117,3,9,784,456,111,2807,30,157,6,1131,44,11,111,318,643,95,2013,362.0,1848.0,10551.0
1122013,8,21,0,1524,0,0,329,2023,74,1,57,5,18,1122013,0,22,42,34,249,17,39,425,70,112,3115,33,273,8,678,60,60,26,498,507,44,2013,629.0,3610.0,10260.0
1132013,22,839,0,1384,0,4,561,1003,1417,1,60,5,138,1132013,7,75,2005,12,57,12,1,498,199,113,991,8,117,6,3320,45,16,121,1187,1486,274,2013,254.0,4416.0,15871.0
1142013,14,0,0,2999,2,0,618,3048,62,7,189,6,0,1142013,120,50,215,32,248,40,30,607,350,114,2235,11,563,3,954,186,0,28,730,906,32,2013,1051.0,5773.0,14285.0
1152013,33,3,0,1656,0,1,814,1255,97,2,201,3,18,1152013,883,48,458,91,478,17,92,777,117,115,3000,21,193,16,1395,237,5,333,2929,4793,340,2013,910.0,4580.0,20306.0
1202013,17,1241,1,1839,0,4,668,1964,524,22,618,9,794,1202013,4,33,69,182,116,59,45,1098,652,120,2196,11,971,8,1240,0,67,370,1527,2393,554,2013,1775.0,5840.0,19296.0
1212013,11,410,20,677,0,13,290,784,86,1,750,1,555,1212013,14,4,71,47,12,17,3,147,108,121,332,3,191,21,294,1,30,54,678,610,142,2013,973.0,2354.0,6377.0
1222013,10,441,271,2039,55,33,610,2393,210,8,659,28,350,1222013,1,19,80,106,57,76,70,1504,1713,122,1603,19,1148,6,587,26,211,181,850,1023,210,2013,1959.0,6954.0,16597.0
1232013,4,629,89,987,1,10,252,482,6,4,81,62,686,1232013,38,295,254,95,4,11,3,361,494,123,1816,13,1183,1,770,20,0,283,1000,798,150,2013,1292.0,2761.0,10882.0
0012014,15,15,33,2468,0,1,843,2303,173,1,187,4,37,0012014,17,37,851,17,419,11,256,55,338,001,1371,29,154,22,499,45,20,12,208,209,53,2014,800.0,4949.0,10703.0
0052014,8,154,29,532,1,2,699,2162,94,4,95,11,286,0052014,0,32,1921,14,252,27,47,26,221,005,490,13,151,128,129,2,22,8,219,222,67,2014,538.0,5393.0,8068.0
0062014,17,103,0,1371,2,5,1154,1313,1,2,76,3,182,0062014,0,48,1100,3,775,11,165,102,865,006,1098,92,99,14,192,4,26,5,290,234,25,2014,1053.0,4774.0,9377.0
0072014,5,0,0,1259,1,2,719,2110,0,5,86,3,0,0072014,282,8,981,4,298,11,0,12,0,007,790,41,197,164,309,61,0,13,147,267,39,2014,633.0,4526.0,7814.0
0092014,12,44,12,1755,0,1,1063,1501,76,0,67,8,149,0092014,1,11,931,65,258,6,39,43,267,009,1013,15,68,6,147,0,5,23,235,297,51,2014,414.0,4034.0,8169.0
0102014,32,279,0,1462,1,0,398,546,0,7,89,3,312,0102014,69,47,993,1,170,9,41,37,113,010,1937,17,72,29,292,84,11,38,222,474,172,2014,357.0,2460.0,7957.0
0132014,7,115,18,693,0,7,832,2176,33,1,73,26,91,0132014,0,13,1606,10,387,17,116,104,180,013,272,18,94,587,82,29,6,7,341,214,74,2014,589.0,5359.0,8229.0
0142014,29,332,9,3126,0,11,662,3770,12,18,568,2,781,0142014,6,0,2906,3,1785,10,210,339,155,014,2090,3,176,1035,435,293,332,17,998,524,208,2014,2542.0,10876.0,20845.0
0172014,9,862,7,498,0,3,733,557,111,4,1033,10,313,0172014,0,457,2095,1,463,11,33,1886,1607,017,343,20,114,85,96,21,9,5,258,157,41,2014,1641.0,6952.0,11842.0
0182014,17,328,54,2102,37,2,841,1163,15,3,187,3,377,0182014,5,2,3344,75,238,7,90,55,143,018,1664,23,99,100,160,15,113,26,661,263,197,2014,554.0,6214.0,12409.0
0192014,16,981,69,1392,0,10,1033,4045,29,1,394,3,388,0192014,3,16,4435,44,699,4,198,301,1062,019,286,30,85,14,370,72,10,78,906,469,382,2014,1212.0,11168.0,17825.0
0202014,6,131,0,2368,1,7,868,2350,113,2,242,1,111,0202014,0,2,666,6,271,14,196,66,27,020,932,106,266,0,207,182,40,16,213,259,34,2014,899.0,5084.0,9703.0
0222014,1,116,6,385,0,1,250,236,37,0,52,1,123,0222014,0,24,1022,1,567,1,62,26,271,022,83,7,258,0,190,2,4,59,150,108,32,2014,885.0,2427.0,4075.0
0232014,17,230,9,2230,0,0,595,646,146,0,117,1,202,0232014,0,31,522,11,524,8,105,28,8,023,1210,83,185,0,247,50,2,1,75,167,20,2014,917.0,2788.0,7470.0
0242014,12,124,0,1743,0,2,572,1576,94,1,216,1,151,0242014,1,1,895,3,572,10,100,62,0,024,388,52,359,10,107,12,0,30,155,204,84,2014,1209.0,4341.0,7537.0
0252014,45,430,9,1592,1,25,547,434,146,2,324,1,357,0252014,6,32,1852,99,543,32,189,33,165,025,1435,211,286,19,1256,237,448,53,585,477,173,2014,1396.0,5092.0,12044.0
0262014,3,122,0,1140,9,3,394,702,61,12,37,2,100,0262014,1,9,785,11,506,17,28,14,428,026,277,16,1048,3,135,0,63,14,140,232,52,2014,1624.0,3605.0,6364.0
0282014,11,125,18,1262,0,0,1045,1540,78,17,87,5,136,0282014,0,11,685,3,507,124,13,31,36,028,1263,16,543,37,269,119,501,68,186,235,80,2014,1277.0,5212.0,9051.0
0302014,25,237,0,1416,0,2,883,826,8,0,69,6,107,0302014,1,90,939,21,587,25,3,3,81,030,798,72,371,10,184,241,190,15,122,356,29,2014,1124.0,4252.0,7717.0
0322014,52,392,0,544,5,27,466,1434,87,2,786,11,556,0322014,11,6,375,12,316,27,25,34,1408,032,416,67,338,21,606,30,117,49,486,447,129,2014,1534.0,4059.0,9282.0
0332014,26,350,0,866,7,2,404,555,22,3,155,4,117,0332014,3,7,334,52,411,17,48,32,22,033,629,24,590,9,280,152,130,21,298,240,104,2014,1197.0,2889.0,5914.0
0342014,2,74,0,630,5,1,216,1720,21,12,37,0,50,0342014,11,5,547,25,220,9,4,5,81,034,426,28,167,2,173,16,26,10,100,272,44,2014,461.0,3023.0,4939.0
0402014,18,671,0,834,0,0,537,1401,139,32,180,4,749,0402014,2,41,1354,16,382,83,26,22,121,040,746,63,994,65,1611,11,130,20,1219,925,165,2014,1702.0,5191.0,12561.0
0412014,24,261,0,342,3,5,554,2052,68,2,118,25,593,0412014,13,20,871,31,398,18,36,23,356,041,480,44,874,25,1035,55,443,57,893,597,246,2014,1452.0,5508.0,10562.0
0422014,18,92,3,615,0,3,769,1107,7,3,60,3,108,0422014,46,13,1236,3,218,59,8,35,179,042,321,239,288,26,681,23,42,34,350,409,108,2014,864.0,4097.0,7106.0
0432014,93,342,0,709,2,3,332,1430,55,13,730,7,321,0432014,16,38,1449,144,289,53,29,424,325,043,706,86,549,10,1159,10,51,9,241,722,126,2014,1707.0,5642.0,10473.0
0442014,55,399,3,817,0,0,507,1922,99,0,136,3,413,0442014,0,9,202,80,190,37,50,15,350,044,1274,175,861,34,761,18,60,80,458,734,264,2014,1399.0,4258.0,10006.0
0452014,6,243,0,653,5,0,125,1023,18,1,77,3,285,0452014,8,3,152,59,181,11,17,20,275,045,509,48,310,8,703,21,16,42,427,428,111,2014,627.0,2054.0,5788.0
0462014,84,446,45,677,0,3,485,1910,111,3,243,2,258,0462014,10,21,411,28,406,50,100,32,180,046,434,234,648,20,2682,10,353,18,1324,577,234,2014,1581.0,4894.0,12039.0
0472014,18,351,0,554,0,0,179,834,0,2,1,4,387,0472014,0,14,795,0,187,29,2,12,29,047,999,53,339,0,558,7,0,115,998,545,321,2014,609.0,2454.0,7333.0
0482014,23,277,79,878,0,1,491,890,46,12,421,10,302,0482014,6,15,1422,12,211,22,11,8,284,048,582,55,1792,49,1219,42,74,18,288,752,124,2014,2501.0,5463.0,10416.0
0492014,10,530,2,636,1,24,215,1041,12,2,474,7,294,0492014,11,1,198,29,193,26,15,28,370,049,1110,66,347,1,746,1,46,33,336,633,100,2014,1106.0,2675.0,7538.0
0502014,7,109,0,569,2,0,149,1836,8,6,29,1,112,0502014,0,1,757,4,305,13,16,20,13,050,436,38,450,2,852,0,18,4,171,189,73,2014,835.0,3628.0,6190.0
0522014,24,882,29,651,0,0,490,860,44,8,140,2,519,0522014,34,9,1104,54,169,14,11,25,399,052,475,24,818,5,2556,30,77,197,305,898,259,2014,1165.0,3829.0,11112.0
0602014,21,108,10,1270,2,4,285,1637,5,8,184,0,200,0602014,6,2,290,26,215,15,4,21,174,060,895,42,490,1,1194,1,185,31,445,427,74,2014,946.0,3414.0,8272.0
0612014,5,13,0,1872,0,0,215,323,27,1,114,2,12,0612014,1,30,210,40,406,44,33,27,37,061,2414,21,345,8,763,37,27,11,352,530,103,2014,930.0,1814.0,8023.0
0622014,12,112,0,919,3,0,847,2101,40,4,355,5,30,0622014,34,96,229,69,469,66,224,45,177,062,1144,55,390,4,964,17,66,11,402,544,98,2014,1335.0,4724.0,9532.0
0632014,5,27,0,995,0,1,292,1696,0,1,237,1,45,0632014,0,18,316,0,231,44,2,11,38,063,636,17,266,11,506,1,6,2,185,249,24,2014,795.0,3122.0,5863.0
0662014,7,67,0,1497,0,0,320,1327,0,0,760,0,14,0662014,1,6,93,10,329,4,3,7,5,066,1907,72,376,2,652,254,24,48,544,517,113,2014,1541.0,3583.0,8959.0
0672014,77,344,142,1045,0,0,1294,1744,7,5,1125,12,271,0672014,6,59,453,65,439,78,25,38,692,067,987,28,689,102,1531,81,557,129,902,1080,290,2014,2359.0,6668.0,14297.0
0682014,9,265,1,1295,59,4,590,874,11,2,93,2,199,0682014,0,20,786,12,744,19,1,13,99,068,1575,75,590,20,413,157,24,4,594,507,138,2014,1521.0,4045.0,9195.0
0692014,34,239,1,1973,0,0,306,1142,42,0,24,1,331,0692014,9,300,937,50,147,31,14,1,245,069,2131,45,445,11,2450,82,9,75,1180,632,212,2014,692.0,3253.0,13099.0
0702014,50,0,0,2385,0,0,798,1531,113,0,1,15,0,0702014,807,206,2212,1,1079,132,1,104,7,070,2410,51,533,192,1207,37,0,29,1492,1079,146,2014,1796.0,6529.0,16618.0
0712014,71,197,212,1994,7,2,1155,3939,213,0,630,11,109,0712014,11,67,819,129,651,197,138,24,809,071,1297,69,499,52,1799,136,71,388,963,1095,256,2014,2046.0,8397.0,18010.0
0722014,27,37,0,741,0,6,1089,1214,1,1,95,63,74,0722014,2,18,406,129,341,79,57,135,687,072,758,55,429,15,372,42,256,39,477,659,176,2014,999.0,4297.0,8480.0
0732014,41,497,0,2463,0,3,836,1856,25,2,402,7,460,0732014,1,63,672,117,282,246,18,18,359,073,1549,40,438,56,2352,4,0,174,969,1058,370,2014,1408.0,4952.0,15378.0
0752014,62,290,0,1365,0,1,979,1397,87,15,586,22,348,0752014,15,88,716,66,347,56,39,42,827,075,3110,94,443,44,3202,14,39,227,1128,1543,489,2014,1526.0,4841.0,17681.0
0762014,26,40,0,1247,1,1,304,438,2,0,117,4,50,0762014,0,5,304,21,187,9,74,11,1491,076,723,10,240,8,760,4,9,10,159,201,40,2014,563.0,1681.0,6496.0
0772014,36,918,35,1065,0,37,852,2023,4,5,252,12,1579,0772014,0,40,465,2,307,40,80,15,146,077,751,40,1477,50,796,15,119,70,828,660,219,2014,2116.0,5643.0,12938.0
0782014,23,108,0,1301,15,4,1396,1098,4,0,320,4,173,0782014,12,43,217,5,272,12,6,19,161,078,1010,30,323,148,433,55,284,9,229,265,51,2014,957.0,4069.0,8030.0
0792014,47,488,0,1431,1,2,1216,2167,15,0,0,9,664,0792014,0,258,555,38,321,36,9,0,121,079,787,114,508,107,530,51,170,79,420,575,238,2014,979.0,5224.0,10957.0
0812014,24,893,0,1795,1,12,511,950,93,3,381,22,1163,0812014,41,17,75,13,234,72,27,23,244,081,1591,30,587,25,1081,1,12,19,674,667,116,2014,1304.0,2914.0,11397.0
0832014,50,442,0,1440,0,5,711,3760,29,24,428,9,373,0832014,12,27,307,43,167,21,122,11,98,083,993,23,76,4,438,65,6,29,712,1511,200,2014,715.0,5668.0,12136.0
0842014,24,183,0,771,0,2,801,2079,0,0,180,1,258,0842014,2,201,1911,0,318,9,34,0,1725,084,1074,38,231,40,642,53,45,34,515,628,125,2014,776.0,5689.0,11924.0
0882014,15,188,0,1937,0,0,725,1398,12,0,84,1,321,0882014,0,5,116,25,101,57,23,2,375,088,1321,15,193,11,150,17,2,59,575,294,114,2014,450.0,2750.0,8136.0
0902014,4,389,0,1436,0,0,909,592,3,3,219,7,200,0902014,6,47,1055,28,236,49,575,6,77,090,1532,25,316,9,439,45,21,25,1048,462,70,2014,845.0,3505.0,9833.0
0942014,8,63,1,776,4,4,847,1214,87,3,68,2,185,0942014,0,32,393,15,123,57,111,6,85,094,796,14,752,10,483,102,11,42,304,391,96,2014,1014.0,3614.0,7085.0
1002014,8,325,0,491,0,2,308,723,1,0,2,3,19,1002014,1,79,389,0,42,21,0,0,124,100,502,38,397,0,332,1,0,40,455,548,44,2014,500.0,1929.0,4895.0
1012014,30,1062,0,681,0,3,452,1055,205,0,130,5,1347,1012014,11,58,157,54,186,15,24,3,73,101,754,40,685,3,1124,7,20,177,1892,1628,185,2014,1056.0,2834.0,12066.0
1022014,20,271,0,1178,0,17,450,2194,6,8,232,3,118,1022014,108,35,514,10,444,44,15,68,134,102,1204,30,435,16,616,22,20,30,563,599,89,2014,1185.0,4483.0,9493.0
1032014,63,27,0,1857,0,8,417,5674,0,0,210,2,38,1032014,24,16,970,79,889,32,63,20,473,103,2850,41,245,106,3196,165,984,81,306,1445,95,2014,1417.0,9789.0,20376.0
1042014,18,161,0,1025,0,0,536,1116,29,6,201,7,94,1042014,3,32,342,88,465,14,19,8,230,104,1186,56,578,28,910,220,19,87,494,853,271,2014,1314.0,3661.0,9096.0
1052014,3,687,0,1362,7,0,206,1507,2,6,295,12,481,1052014,0,24,300,79,209,8,36,39,809,105,2454,47,587,4,2158,54,46,282,1687,838,175,2014,1146.0,3387.0,14404.0
1062014,12,2,0,662,0,9,1118,1196,0,1,6,4,5,1062014,281,53,1768,3,279,83,42,15,115,106,1474,24,293,18,813,138,0,83,1255,633,140,2014,685.0,4935.0,10525.0
1072014,12,632,0,1011,0,0,225,1780,19,2,104,0,227,1072014,59,39,2083,1,261,73,14,2,146,107,2051,33,702,4,520,10,87,20,366,702,35,2014,1173.0,5373.0,11220.0
1082014,21,193,0,1355,0,0,639,2712,42,6,47,2,85,1082014,1,18,1513,4,521,7,35,13,27,108,1039,18,577,27,450,137,4,43,619,655,69,2014,1170.0,6213.0,10879.0
1092014,8,33,0,2039,1,1,1078,7599,144,12,168,8,21,1092014,0,60,756,84,806,179,43,66,238,109,3535,386,974,91,1754,95,86,83,352,1218,199,2014,2513.0,12286.0,22117.0
1102014,7,27,0,1458,5,1,545,1625,5,3,120,2,88,1102014,18,18,259,28,1132,6,107,10,95,110,2233,191,3793,4,377,59,29,28,511,1549,80,2014,5242.0,7809.0,14413.0
1112014,2,7,0,2537,0,0,265,578,15,0,58,3,4,1112014,21,1,93,22,370,6,11,21,439,111,1653,72,548,14,821,19,25,96,248,507,77,2014,1054.0,2079.0,8533.0
1122014,6,15,0,1410,2,0,649,2338,88,2,88,1,16,1122014,0,20,622,16,846,14,55,21,56,112,1622,53,609,7,565,30,0,13,322,410,46,2014,1610.0,5294.0,9942.0
1132014,16,888,0,1284,0,1,402,918,271,0,79,9,561,1132014,4,42,2166,14,156,25,2,4,106,113,1188,24,392,7,1647,111,7,108,1124,1458,403,2014,676.0,4314.0,13417.0
1142014,13,0,0,2204,5,0,830,3161,35,2,179,3,0,1142014,98,37,650,9,258,32,41,1,379,114,1465,15,893,14,1019,74,0,27,558,847,13,2014,1377.0,6120.0,12862.0
1152014,37,1,0,947,1,0,1024,1865,187,2,380,6,8,1152014,1277,62,1096,88,585,31,81,2,86,115,2206,98,388,41,1458,145,8,309,2346,4388,303,2014,1482.0,5748.0,19456.0
1202014,17,422,1,1057,0,0,749,1876,175,11,562,8,439,1202014,5,39,64,150,261,55,21,11,696,120,1100,47,1113,5,623,1,25,160,592,1442,300,2014,2038.0,4931.0,12027.0
1212014,15,384,11,768,0,2,587,3374,46,4,1179,24,402,1212014,37,16,190,55,176,41,14,48,881,121,479,48,1130,20,503,1,69,73,968,1324,104,2014,2574.0,6913.0,12973.0
1222014,11,354,104,1044,39,2,399,2067,204,10,715,46,223,1222014,2,21,58,185,102,86,47,92,1343,122,1101,64,1929,7,643,76,150,82,748,939,166,2014,2896.0,5973.0,13059.0
1232014,8,575,0,856,7,5,367,914,15,3,59,49,575,1232014,68,104,136,119,14,25,3,4,250,123,1821,53,1733,3,835,17,7,226,999,616,180,2014,1884.0,3463.0,10646.0
0012015,6,12,22,2350,0,0,950,2466,121,1,223,0,39,0012015,16,14,961,1,437,9,202,61,389,001,1228,4,146,8,511,42,22,1,124,118,29,2015,819.0,5328.0,10513.0
0052015,8,168,5,420,0,2,589,2110,119,5,84,4,250,0052015,0,58,1373,23,222,28,42,33,235,005,463,4,318,150,207,0,21,12,183,209,80,2015,656.0,4813.0,7425.0
0062015,24,41,0,1114,4,0,1290,1453,0,4,451,5,64,0062015,1,247,1006,3,1066,25,130,271,21,006,868,9,186,8,107,0,12,1,139,278,9,2015,1737.0,5800.0,8837.0
0072015,5,0,0,1113,1,0,661,1987,0,4,208,3,1,0072015,216,14,1073,12,274,2,0,95,0,007,711,9,251,39,239,12,0,4,129,212,17,2015,744.0,4590.0,7292.0
0092015,0,37,1,1190,0,1,944,1209,45,2,36,4,105,0092015,3,4,1118,50,330,1,10,188,365,009,953,17,69,8,63,0,9,15,146,287,49,2015,453.0,3971.0,7259.0
0102015,21,413,0,1401,16,0,466,900,0,4,140,4,255,0102015,124,31,1232,2,389,11,70,52,146,010,1158,6,125,25,286,63,7,19,200,391,106,2015,671.0,3430.0,8063.0
0132015,8,43,8,400,0,1,831,2201,22,3,68,10,24,0132015,1,44,1875,4,381,50,72,271,40,013,121,16,137,425,127,2,39,3,222,174,39,2015,652.0,5883.0,7662.0
0142015,21,265,5,2872,3,11,583,3820,0,0,1025,3,321,0142015,2,15,2965,2,2392,14,297,259,64,014,1950,2,281,746,263,293,305,9,536,390,162,2015,3714.0,11965.0,19876.0
0172015,20,229,29,487,0,0,703,803,32,4,1000,4,54,0172015,0,161,2059,3,531,1,54,1517,660,017,234,3,161,122,40,0,18,13,138,117,16,2015,1696.0,6819.0,9213.0
0182015,21,389,119,1725,0,1,758,2180,8,0,142,1,375,0182015,0,4,2756,93,325,9,141,93,105,018,1154,3,183,52,236,0,95,7,399,303,158,2015,662.0,6658.0,11835.0
0192015,14,211,51,1127,0,3,920,2801,19,1,398,1,90,0192015,1,57,4903,11,1184,5,195,260,232,019,312,39,148,17,78,48,9,29,408,501,174,2015,1774.0,10740.0,14247.0
0202015,6,55,0,1740,0,0,912,2504,144,2,123,0,32,0202015,0,4,822,3,232,12,143,30,11,020,734,44,419,2,178,200,43,7,121,275,29,2015,830.0,5350.0,8827.0
0222015,1,70,38,220,1,1,267,186,17,1,79,6,75,0222015,0,5,1898,20,488,2,14,11,220,022,124,7,529,0,209,2,5,37,220,114,38,2015,1105.0,3496.0,4905.0
0232015,8,55,8,1800,0,0,907,779,143,2,63,1,68,0232015,0,51,870,44,648,9,59,34,21,023,540,53,251,1,135,53,3,5,41,151,22,2015,1024.0,3722.0,6825.0
0242015,1,94,0,846,0,0,1062,2067,222,2,170,0,208,0242015,1,0,837,7,584,50,52,33,0,024,232,34,556,5,23,4,0,9,172,205,47,2015,1394.0,5405.0,7523.0
0252015,19,111,4,1816,2,3,638,877,49,0,75,0,38,0252015,13,12,2252,46,659,2,203,34,24,025,1396,64,409,8,549,204,87,18,302,309,69,2015,1209.0,5368.0,10292.0
0262015,9,51,0,726,16,2,286,1007,61,11,58,1,75,0262015,0,0,400,7,447,45,13,13,455,026,175,48,948,3,67,0,70,15,163,201,39,2015,1546.0,3354.0,5412.0
0282015,16,144,25,870,0,0,1000,1888,200,2,73,0,119,0282015,2,15,1094,31,504,26,33,14,27,028,877,17,355,21,301,232,329,43,214,264,98,2015,975.0,5579.0,8834.0
0302015,19,106,0,1194,1,6,1037,1248,3,7,236,3,40,0302015,0,11,816,8,642,30,2,20,58,030,452,31,570,4,179,169,5,14,116,299,37,2015,1509.0,4832.0,7363.0
0322015,9,148,0,433,0,3,540,1948,86,1,257,1,257,0322015,0,11,754,19,479,17,7,22,416,032,173,36,623,3,269,6,33,46,172,416,100,2015,1412.0,4743.0,7285.0
0332015,33,163,0,908,23,0,592,990,55,12,174,6,88,0332015,10,27,643,134,447,39,49,24,59,033,664,7,707,7,338,62,149,28,355,384,152,2015,1374.0,4024.0,7329.0
0342015,4,57,2,338,1,2,346,2540,145,12,114,0,80,0342015,0,1,552,15,300,10,1,4,24,034,205,20,266,5,179,1,77,11,142,370,78,2015,710.0,4250.0,5902.0
0402015,8,646,1,692,0,0,564,1783,143,11,67,8,680,0402015,1,30,1281,49,580,25,42,19,106,040,606,22,946,10,987,0,50,21,879,734,157,2015,1640.0,5394.0,11148.0
0412015,11,121,0,381,0,0,462,2303,29,3,114,4,186,0412015,4,14,873,52,570,26,50,13,185,041,518,41,1115,32,687,272,221,13,527,437,189,2015,1866.0,6073.0,9453.0
0422015,50,135,5,589,1,1,1037,1607,1,0,147,2,188,0422015,20,14,1549,1,290,60,1,49,32,042,287,172,426,16,858,33,94,33,303,543,108,2015,1095.0,5516.0,8652.0
0432015,57,672,0,481,12,17,256,1082,59,3,621,2,744,0432015,4,40,954,38,589,18,12,237,105,043,555,57,582,6,614,17,35,4,250,629,94,2015,1867.0,4555.0,8846.0
0442015,34,356,3,728,0,0,501,2131,60,1,71,1,375,0442015,1,20,200,67,277,28,32,20,93,044,812,259,753,23,636,3,77,53,337,647,236,2015,1388.0,4421.0,8835.0
0452015,2,266,0,513,5,0,154,836,44,1,59,5,286,0452015,1,9,226,48,309,5,20,18,90,045,472,42,501,12,780,20,19,30,472,383,156,2015,916.0,2244.0,5784.0
0462015,55,111,23,670,1,4,520,2057,26,3,229,9,95,0462015,0,12,776,14,583,42,17,52,180,046,610,100,819,8,3417,1,91,15,863,668,206,2015,1773.0,5340.0,12277.0
0472015,11,281,0,694,0,0,247,1249,0,0,6,5,335,0472015,0,19,997,0,233,50,1,1,1,047,834,57,386,0,1467,0,4,35,989,676,298,2015,732.0,3241.0,8876.0
0482015,20,247,1,848,1,3,422,819,30,4,239,4,381,0482015,3,9,1425,8,281,38,11,9,282,048,523,32,1304,72,1126,46,49,12,300,634,128,2015,1894.0,4693.0,9311.0
0492015,7,597,2,796,8,3,176,1382,10,4,222,8,303,0492015,9,11,353,25,381,24,10,43,73,049,1347,34,571,5,1111,3,86,29,374,722,159,2015,1232.0,3315.0,8888.0
0502015,2,93,0,436,1,0,181,1795,9,5,52,3,61,0502015,8,3,957,12,538,8,9,12,11,050,888,35,615,3,791,1,24,27,211,277,35,2015,1248.0,4233.0,7103.0
0522015,13,802,111,547,0,6,444,1192,39,12,195,1,418,0522015,53,88,1015,53,257,40,9,37,288,052,508,31,735,3,2266,28,50,45,439,765,238,2015,1258.0,4090.0,10728.0
0602015,14,135,1,676,15,0,310,1811,27,4,281,9,299,0602015,6,2,274,126,315,13,7,35,148,060,833,76,685,0,1735,5,171,18,371,618,84,2015,1370.0,4131.0,9104.0
0612015,2,7,0,1661,0,0,127,372,24,0,38,3,13,0612015,2,23,118,29,517,20,34,13,18,061,2101,15,444,3,517,0,10,4,176,372,79,2015,1034.0,1705.0,6742.0
0622015,7,21,0,611,0,0,685,2824,50,1,560,2,5,0622015,2,62,387,58,526,72,206,16,78,062,887,35,289,0,1069,19,37,16,194,627,78,2015,1482.0,5515.0,9424.0
0632015,2,0,8,1068,0,0,121,1336,2,0,123,2,5,0632015,0,8,292,60,286,10,5,7,4,063,351,6,396,0,571,1,3,2,50,186,8,2015,821.0,2643.0,4913.0
0662015,4,25,0,1528,3,2,327,1552,5,1,678,1,15,0662015,0,2,104,3,449,3,0,7,29,066,1849,69,460,2,869,214,5,24,373,503,78,2015,1659.0,3878.0,9184.0
0672015,38,221,19,781,0,1,1220,2391,14,0,603,8,263,0672015,3,65,471,150,884,160,10,19,128,067,802,49,883,96,2301,22,218,238,1124,1194,393,2015,2579.0,7108.0,14769.0
0682015,2,25,0,652,87,0,594,740,1,0,167,9,23,0682015,1,60,881,21,683,37,1,14,144,068,936,26,628,21,467,147,19,3,375,399,127,2015,1541.0,4046.0,7290.0
0692015,19,141,0,1222,0,1,293,1291,37,0,41,4,319,0692015,3,189,685,42,231,22,5,4,5,069,1628,23,520,4,2162,37,0,14,627,555,145,2015,837.0,3208.0,10269.0
0702015,41,3,0,1325,0,0,757,2032,188,0,19,10,2,0702015,83,172,1787,11,1199,149,2,321,0,070,2039,40,572,21,998,10,5,25,756,1030,155,2015,1979.0,6943.0,13752.0
0712015,59,35,91,1989,0,0,1161,3539,92,2,383,7,38,0712015,29,56,801,85,587,122,68,20,96,071,1441,55,600,54,728,15,63,117,547,1058,185,2015,1747.0,7490.0,14123.0
0722015,19,4,0,675,5,0,1091,1499,2,0,123,101,9,0722015,0,28,519,105,503,151,77,265,638,072,621,60,462,1,385,31,219,16,185,546,97,2015,1299.0,5052.0,8437.0
0732015,29,288,0,1292,1,0,853,2105,29,0,875,4,334,0732015,2,56,816,93,273,493,1,25,7,073,1175,10,398,7,1815,9,2,66,1040,954,296,2015,2049.0,5982.0,13348.0
0752015,36,121,0,1135,0,0,1081,1642,84,5,569,43,114,0752015,3,93,880,37,508,50,23,30,60,075,2444,31,772,18,2493,5,28,110,501,1305,342,2015,1930.0,5669.0,14563.0
0762015,18,37,0,860,0,0,326,545,1,0,86,0,65,0762015,0,7,690,21,244,2,50,10,474,076,497,16,310,4,658,3,8,2,91,182,24,2015,658.0,2279.0,5231.0
0772015,41,699,142,1137,0,1,1124,2887,0,13,525,7,905,0772015,0,34,679,7,420,66,71,23,389,077,744,39,1673,59,1177,8,69,38,664,716,264,2015,2723.0,7561.0,14621.0
0782015,24,98,0,962,0,2,694,2256,84,2,220,3,71,0782015,3,22,62,7,335,11,9,5,125,078,901,34,348,13,503,5,160,5,248,288,60,2015,948.0,4161.0,7560.0
0792015,32,337,0,1136,0,1,1147,2775,6,4,0,4,223,0792015,1,45,798,10,284,11,1,26,0,079,503,39,432,11,604,61,76,37,310,599,179,2015,766.0,5691.0,9692.0
0812015,20,594,0,1240,4,7,398,992,84,6,369,6,750,0812015,4,31,101,5,386,61,19,9,124,081,1673,14,423,16,1395,0,8,22,604,711,129,2015,1253.0,2790.0,10205.0
0832015,45,302,0,1076,0,0,766,3716,71,20,448,5,164,0832015,5,39,295,42,169,27,51,1,39,083,1039,10,91,5,716,46,13,17,353,1406,186,2015,745.0,5669.0,11163.0
0842015,4,78,0,587,0,0,897,1737,0,0,368,2,141,0842015,0,185,1192,2,389,8,22,0,355,084,985,14,242,7,500,13,16,14,256,332,52,2015,1021.0,4882.0,8398.0
0882015,9,196,0,1538,1,1,815,1852,0,0,105,5,301,0882015,0,4,213,16,128,13,13,2,163,088,1132,11,208,4,113,8,0,51,416,341,102,2015,465.0,3381.0,7761.0
0902015,8,157,0,884,2,1,922,875,15,2,88,3,166,0902015,4,37,969,15,275,46,581,5,33,090,1412,14,249,2,460,21,1,12,686,417,53,2015,672.0,3490.0,8415.0
0942015,31,73,1,725,0,1,849,1220,86,2,131,4,171,0942015,0,30,373,39,145,38,99,9,33,094,783,2,777,3,730,95,23,50,296,358,111,2015,1093.0,3732.0,7288.0
1002015,8,321,0,378,0,0,426,1048,12,0,30,2,2,1002015,0,139,425,0,30,22,0,0,0,100,288,5,476,0,473,0,0,13,349,464,43,2015,563.0,2470.0,4954.0
1012015,6,310,0,660,0,0,418,947,58,0,187,3,320,1012015,8,37,179,30,190,9,34,7,40,101,546,24,792,2,777,16,23,53,382,1082,69,2015,1202.0,2828.0,7209.0
1022015,5,85,0,904,1,2,501,2122,9,6,155,2,47,1022015,91,22,590,12,601,73,6,23,11,102,1238,23,608,7,702,25,4,10,406,670,66,2015,1460.0,4743.0,9027.0
1032015,23,29,0,968,0,0,411,4596,4,0,186,0,40,1032015,19,7,1031,21,711,19,22,23,205,103,1538,24,430,56,3247,426,387,18,143,1238,50,2015,1370.0,8288.0,15872.0
1042015,8,23,6,1203,0,0,717,1698,0,1,231,8,10,1042015,0,45,377,73,531,33,16,32,1,104,1147,22,702,13,814,145,28,54,98,597,127,2015,1519.0,4597.0,8760.0
1052015,7,203,0,771,3,0,168,1662,1,3,254,2,176,1052015,4,22,468,17,230,24,5,15,556,105,1470,15,706,0,1052,40,59,68,759,589,101,2015,1229.0,3668.0,9450.0
1062015,14,1,0,571,0,0,1128,1592,4,0,0,1,3,1062015,99,40,1991,4,287,56,39,15,72,106,1472,11,430,15,508,78,0,124,1209,681,144,2015,784.0,5606.0,10589.0
1072015,5,111,0,834,0,0,266,1937,1,3,198,2,72,1072015,20,12,2162,0,316,82,19,3,40,107,1572,25,743,1,246,0,75,14,145,690,35,2015,1364.0,5812.0,9629.0
1082015,9,8,0,1211,0,0,1205,3305,55,1,81,0,18,1082015,1,52,1745,22,589,11,28,22,0,108,989,13,670,13,475,38,0,13,212,565,42,2015,1364.0,7710.0,11393.0
1092015,14,12,1,1655,0,0,672,4887,79,32,447,5,37,1092015,6,47,701,48,867,251,22,61,159,109,2605,84,738,49,1122,51,67,29,153,822,70,2015,2387.0,8888.0,15793.0
1102015,6,54,0,1426,0,0,524,1657,39,1,195,2,61,1102015,19,19,148,23,1033,10,268,2,36,110,2284,162,1227,2,241,70,13,35,195,1306,116,2015,2627.0,5070.0,11174.0
1112015,1,16,0,2105,0,0,292,761,3,0,70,1,24,1112015,48,1,20,8,725,9,15,38,49,111,1789,47,518,1,846,10,25,81,207,564,82,2015,1369.0,2524.0,8356.0
1122015,3,10,139,658,1,0,800,2753,112,3,64,2,11,1122015,0,5,651,18,1051,13,44,5,12,112,1151,43,938,0,678,7,2,15,285,393,75,2015,2109.0,6349.0,9942.0
1132015,23,357,1,1002,2,3,425,1200,63,0,59,5,225,1132015,44,44,2259,8,191,27,2,9,97,113,1025,11,851,5,1222,34,11,53,602,1108,276,2015,1139.0,5110.0,11244.0
1142015,10,0,0,1492,0,0,722,3214,34,4,174,1,0,1142015,95,28,546,5,269,32,27,1,127,114,1405,7,774,7,818,2,0,6,310,744,33,2015,1256.0,5756.0,10887.0
1152015,14,0,0,855,0,0,1281,2635,115,0,313,2,5,1152015,607,50,727,45,481,26,44,8,131,115,1039,22,592,32,1850,20,4,109,1021,3342,167,2015,1434.0,6168.0,15537.0
1202015,9,172,2,783,7,3,1052,2220,44,3,459,4,294,1202015,3,73,63,61,361,45,18,10,40,120,981,64,1064,4,938,0,5,46,427,1410,158,2015,1993.0,5420.0,10823.0
1212015,15,247,15,442,1,4,614,3224,57,16,2555,19,231,1212015,40,22,65,94,266,141,8,72,605,121,754,32,1225,10,1156,1,82,45,784,1473,119,2015,4219.0,8387.0,14434.0
1222015,9,164,32,1048,49,5,299,2179,118,3,787,49,83,1222015,2,13,67,142,200,85,43,145,289,122,1324,43,2476,3,1281,92,148,57,525,1113,211,2015,3591.0,6721.0,13084.0
1232015,9,194,0,870,1,5,364,700,13,2,83,48,264,1232015,9,84,318,94,22,26,0,11,295,123,1389,27,2469,2,885,2,27,113,599,440,133,2015,2627.0,4153.0,9498.0
